x,y
12.0133335,10.5131945
4.0656826,50.5771174
5.737994592222156,50.6124391
5.665886999165581,50.44114105
5.583379851103196,50.64334765
4.3362419,50.8356748
4.3569867,50.8454639
4.442448069989586,50.88091925
4.237607506668177,50.735932399999996
5.5764851,50.6462684
5.444553503381655,50.6520879
5.392018451789275,50.7080719
5.669613000785333,50.664541150000005
5.854066692108756,50.58320295
5.806504146550877,50.486707550000006
5.530146769042202,50.3979645
4.281579869269268,51.27084935
4.3309028,50.8629434
4.367462081755777,50.85274795
5.747468,50.5528066
5.6269425940230064,50.6325335
5.4323128,49.8398973
4.3269207880118925,50.149362249999996
4.4437879,50.8096144
5.0893974,51.0681628
2.740660063771186,51.1294216
5.5836149,50.6976633
5.1759902,50.8172129
5.3537032957567,49.9260766
4.4310742008016115,51.206861399999994
4.996673249846752,51.1531617
4.5495668,50.9413315
3.069825738780567,51.166715249999996
3.099124590917488,51.1830438
4.285825169274002,50.8218958
4.0391883,50.8239947
4.2824026788673875,50.887589750000004
4.4286923,50.8122156
4.9274466,50.4238878
5.551088938545655,50.577362050000005
4.387030204693245,51.149112
5.5830087,51.0420541
4.4223738943016375,50.81648865
4.2470189,50.4585416
4.3516713,50.9083929
3.19701661702454,51.214406499999996
4.83290390689059,51.05744905
4.344611658782506,50.69487735
5.43162774285647,51.2291585
4.21803330120132,50.5415875
5.55957896641609,50.60372365
5.0877229,51.0674546
3.527368539534888,50.984257150000005
4.9436645,50.8030135
4.3903633,50.3977949
4.976996850129503,50.74726135
4.3427924,50.1941164
4.6274774,50.6616919
4.2879054,51.2944794
4.5500805,50.4833834
4.5325972,50.4530257
5.061300063554217,50.9877147
3.272541574965201,50.8025829
5.6170293,50.6980274
5.7965467,49.5729453
4.586920741558798,50.695291850000004
4.538047140409152,50.456218899999996
5.604435,50.6658729
4.4893987,50.7313729
4.880828617784891,51.1496772
4.4271123,50.8372647
4.356571,50.8310052
5.606906086045271,50.889233450000006
4.299331312360593,50.6796333
5.7066471,50.4900656
4.4329972,51.1943524
5.8588671,50.4901458
3.852598047274,50.65025435
4.360758420752426,50.86036625
4.5279013,50.5665367
4.3551643,50.8557098
5.535287020452829,50.614505199999996
2.7663130353838197,51.12751335
4.5718993,51.2476531
4.555966479136188,51.23311295
4.5507411,51.2633424
4.267060827404615,51.0962504
5.679838635445655,50.754242250000004
5.2116869999999995,50.53433315
5.7323367,50.6359901
5.7568477,50.6363998
2.8695457260865247,51.03439365
5.695957,49.9980299
4.8714235890243875,50.466342749999995
4.1382245,50.6057582
3.3935198,50.6050902
5.2334632,50.5207924
5.8619912,50.5928203
4.4361958,50.2592973
4.363653424972298,50.84459495
4.4256732,50.8430448
4.6128839,50.6682012
4.3494172,50.8464291
4.50865559862522,51.008547
4.3736203,50.8449577
4.8762373,50.4616173
5.5845138582547165,49.720649699999996
4.823377,50.389973
6.103632341429688,50.411795999999995
4.028121306980588,50.845903
4.448313055177112,50.8438089
3.2168931,51.1958819
4.432701106542972,51.20016955
4.099482782200845,51.031456399999996
4.1029177,51.0179587
4.351763316696749,50.84652245
3.1245695061280037,50.9375403
4.830266,50.4578846
4.252491154882479,50.565943149999995
5.633924755525689,50.66574595
3.946221,50.4540422
3.0263655,51.1295864
4.4135153,50.9059631
3.825207048274781,50.48095985
4.3992554,50.7969497
4.411428378970917,50.87904265
5.9467266407376105,50.5607301
4.305946734473641,51.23670985
5.2564629,50.6980166
4.4280201,50.9364301
4.404783586505825,51.22096105
4.3204443961465735,51.2341134
5.5647184,50.5869522
4.262891,50.508327
4.3850225,50.0360851
4.1006547,50.6915623
3.8508058,50.7099814
3.8463619715574575,50.7016402
4.3071499,50.84367
4.305033945340606,50.8021112
4.495092833333321,51.230243200000004
3.6676767,51.0199405
5.5109892,50.983695
4.3785343,50.0299444
4.810384258271604,50.457552
4.288085343126602,50.8102404
4.566456402181457,50.982975350000004
5.722306,50.0054968
4.4317861,51.2000721
4.870493896218496,50.643978950000005
4.3566377,50.5073345
4.3688609,50.8484449
4.3867762,51.2207883
4.331639450000008,51.049403999999996
4.801479014772076,50.48589915
4.458468866082796,50.888866050000004
5.1794086,49.8117577
4.4204571,50.8134379
3.769885452325581,51.099526
4.3942577,51.1700864
4.375086257109631,51.157559250000006
4.486746294441145,51.195158649999996
4.537821777907236,51.0261294
4.425500474644579,51.1863956
4.217094299707259,51.3082097
3.6995692029508116,51.03960105
4.805161901574277,50.62527085
4.6632648,50.4513053
3.43531843503616,50.8863895
5.550241954357395,50.64655445
5.6028094,50.633441
5.470480046761541,50.79912575
2.9104220703935586,51.225443600000006
3.225259032050575,51.2089199
4.30740126833895,50.9034065
5.497303266055272,50.87913405
3.3127014,50.9999245
3.2601459604545457,51.2138474
3.4038085,50.9059283
4.4731571,51.0060433
5.343596617990043,50.235120050000006
3.345135,50.6273631
5.633413973287242,50.674787050000006
5.4837791021056645,50.60414055
6.0084131343462275,50.420127199999996
4.4373151,50.4612795
4.200514504647959,50.46189765
4.6041089,50.7120704
4.0691915,50.5732355
4.8809499,50.4111217
5.5468083,50.5615214
3.934220800359217,50.456579700000006
4.410911007165945,50.68880455
4.4031975,50.7097656
3.2033306,50.7370333
4.3487828,50.833342
4.4257772,50.8442261
4.3936835,50.8021135
5.16623141178647,51.05775145
4.474726672911333,51.02255085
5.6815217,50.6171485
4.4757678,51.1467639
5.989708263501154,50.742257699999996
4.4637546,51.3644452
5.3792715,49.9202357
5.5842551,50.6123512
5.9524522,50.6740941
5.4289335,50.6542697
4.862432947639433,50.46920475
4.433026,50.8337236
3.3978611,50.605368
4.4452666,50.8899608
5.268060150000002,49.8364656
5.661797971085553,50.70955575
5.813612981875,50.5600806
4.3386925,50.8358304
4.426744169870095,51.1980735
3.563836873656809,51.18668065
3.5665965,51.1844827
3.616071067391143,51.0021716
4.841023054629632,50.461518600000005
4.4299443,50.2546446
3.464363,50.7090616
5.5248932,49.557691
5.5314544,49.5646234
4.4462406,51.2128453
5.3364748,50.9241422
4.5524804,50.7262029
4.5151481,50.7255373
5.2882998,50.47948
4.428977163575533,50.25373265
5.256207456527326,49.8535979
3.84146039345117,50.9889187
5.067174630125265,49.793422
4.758497452048648,50.43777975
5.9725361,50.6277592
3.6283262391286466,50.7034952
5.096434352131202,50.28999635
5.095931678827519,50.29079525
3.887284565998979,50.44821185
2.8817305606455634,50.8510223
3.2336993161909486,51.20870255
4.8709346,50.4663415
4.4617913,50.8931764
4.3549198,50.84625
5.5969567,50.67179
4.365492310264104,50.8389576
5.5761615,50.6407595
5.7994748,49.5634996
5.6408834,49.9348435
4.2641163,50.5076607
3.6188163,50.5050542
5.4558675,50.2592253
5.3188097,50.1836731
3.2072586,51.184691
5.328712632499999,50.93203765
3.8630107738253683,50.92023915
4.2597097,51.2086297
4.7006352091500005,50.87525515
5.5957830346763755,50.4505542
5.50640940276587,50.64450755
5.7541176,50.5929121
5.538540586171582,50.5951971
5.5376342,50.6316662
5.770194283132214,50.6477404
3.9605606,50.4276238
4.453727531618965,50.3236969
5.7272384,50.7142065
4.621428,50.4184265
4.456014151783768,50.85099835
5.8564128,50.5614916
5.8736661,50.5950518
4.6376373,50.4448139
5.9381467,50.3959899
5.959169804185024,50.694563099999996
5.8126173,50.646162
4.397610640986278,50.9107283
4.3975459,50.9101024
5.482533095358412,50.63559965
5.647249616958231,50.7118741
5.4311459,49.6337149
4.0072593,50.4698406
3.9404507,50.4834083
3.9536052,50.4932609
4.377105734318194,50.89244395
3.6864211,50.4778758
5.850613446923896,50.266318150000004
4.7075366,50.4585134
5.5340256,49.8013795
5.53046925,49.5704975
3.9455512,50.4403132
3.8803353,50.4489174
4.0462393,50.461156
3.9598931,50.4600191
5.2124469,49.9693279
5.976051243782964,50.65489195
4.516827599999998,51.0090764
2.9510072032547985,50.7922107
4.3503190668546345,50.7882364
4.3264759,50.8086463
5.588614484039077,49.7169562
5.8143459,49.7232511
5.931730218587335,50.39312575
4.345665023861283,50.83954715
3.6922069,50.4510978
3.9014501,50.5592496
5.393247,50.2380521
3.9542493,50.4831347
3.4435102,50.5137118
4.8607647549478825,50.463211650000005
3.675559220091886,50.73333085
3.2665993,50.6685813
5.6266958,50.6954974
4.45719762139288,50.04363495
4.6160384,50.669712
3.387692,50.6303179
4.457951530293371,50.822336050000004
4.3546627,50.8548067
4.556181,50.6744315
4.4435309,50.841565
4.888653329380562,50.453091900000004
5.3401421,50.2244129
4.438185948964508,50.3158927
4.3245404,50.4331648
5.6284252,49.6956675
5.808104313584121,49.60987475
3.2085421038769497,50.7340915
3.2068492,50.7476291
3.2099528207075485,50.74474025
5.7593509,50.7324954
4.1687912,50.3109663
4.2747564404440705,50.56784965
4.3258360000000025,50.406523199999995
5.293832673125557,50.7520856
5.578336,50.6461977
5.551990427336926,50.626512250000005
3.0895676,51.0834533
3.0996419992824658,51.07335155
3.9898526,51.1053415
4.483742,51.0177129
4.429578312421244,51.20038305
4.674385571441951,50.50946625
4.3536161,50.44911
3.9020413,50.4732624
4.3966191,51.1967619
4.2532068,51.3001884
4.527167086242187,50.57756315
4.334410605260517,50.7957524
4.6984966,50.6169777
4.700679843889315,50.61700795
4.673554,50.6405275
3.8616005,51.1325106
3.9452295,50.4450559
4.9237257,50.2573581
5.496589426850649,50.66543195
5.5573588,50.5853958
5.5695345,50.5848356
5.9068628678159065,50.2639972
5.6252629,50.6998488
4.660150340071567,50.447114799999994
4.3240877743583415,50.4122694
4.912413606557407,51.0869309
3.379190571458333,50.54623255
4.254726165007784,50.442948650000005
5.1127411,50.3119642
5.0991119,50.290034
4.951591700143681,50.68117355
3.8470386,50.451626
4.2699920326162255,50.5257425
3.686892297535409,50.4000631
2.8908756272658005,50.8624743
5.814119079225417,49.5989099
5.422560164359274,49.9036483
4.4894483,51.1928414
5.7055716,50.0870506
5.0959416,50.2896261
4.394515583401267,50.7165011
5.332020734983589,50.364223499999994
5.5017419,50.1076356
4.5999121,50.254252
5.1873135,50.125274
5.1871548,50.1255442
5.111558598753305,50.4941722
4.524461,50.0957361
4.853786,50.378693
4.866350199406265,50.43708735
4.7601798,50.4364563
4.2520389,50.56504
4.478105269571004,51.153727200000006
5.738570185314012,50.003710850000004
4.897174593900047,50.4385302
4.843779873787574,50.405805650000005
5.969462219080327,50.47967775
4.026011566349657,50.72329555
4.848508499335599,50.425450850000004
4.867205105215051,50.456331199999994
5.0968446,50.4842701
5.879153097227547,50.63766045
4.888488958018275,50.45843065
5.646339610333645,50.056917999999996
4.9338961,50.4980357
5.8432678406462575,50.57853775
4.526995485477954,50.549354199999996
4.867072341012812,50.42475175
5.254576795467307,50.700125
5.8666608,50.5476141
5.8043758,50.5635435
5.7173048,50.3713756
4.60665106851145,50.4399178
4.415317187702081,50.024801749999995
4.611255150116801,50.251811450000005
5.316188800000003,50.554647200000005
2.7664678,50.8154547
4.425802608700705,51.20114285
4.420282899895083,51.19613205
4.039934550656151,50.9913131
4.0368773,50.9337881
5.441062920403833,50.638391299999995
5.413646272371576,50.586892750000004
5.499357285939343,50.5077523
5.5924256259746326,50.674060100000005
3.80602960192462,50.3859674
4.788390855505943,50.761250849999996
4.4397179,51.2438894
4.468573615915652,50.40295195
3.8309415430800096,50.43611645
4.716000360492799,50.8800633
3.7347388,50.5473285
5.3407365,50.2265147
4.0133917,50.3819921
5.3981407,50.6641207
5.5451986857784155,50.580746399999995
5.600082655515892,50.619121699999994
3.9527819,50.4630283
5.802826153858593,49.68710855
5.4920705,50.3555836
4.214643459611394,50.4040871
6.0334152,50.4252809
3.824908,50.4417256
5.4333809943618885,50.96394215
5.2547478,49.857799
5.232723897301147,50.613676
4.3397746,51.1333385
5.1182337,50.4357061
5.3109342,49.6979786
4.3746628,51.2955132
5.7298046,50.3217136
4.4118417,50.3943786
4.4753411,50.4274608
5.567146054324043,50.571899900000005
3.9595401537334594,51.14721385
4.866971097646221,50.46417285
3.9336027070966457,50.5133025
4.4282375,50.4763028
4.4568909,50.4537297
4.3643108,50.6799481
5.7129733429975795,51.0388827
5.3253137,50.5505331
5.3323595400157835,50.5421523
5.9262561,50.506951
5.4932843,50.350609
3.8362482042101247,51.09680065
5.913281034629507,50.520386200000004
4.355674670779681,50.8390345
5.728817378640777,50.6949075
4.394341361601876,50.165949850000004
3.538942921277875,50.91978185
5.247145181879189,50.531747800000005
4.2829852,50.3725675
5.971272508608467,50.6298197
5.796895638761153,50.131618599999996
5.411391693758105,50.5989058
4.905819405809859,50.55748345
5.698552502308459,50.619532199999995
4.564036711965377,50.4348978
6.0049321,50.6779006
6.045407,50.6710344
4.776791243003181,50.7795119
3.3144235326080342,50.6829665
4.446757515204457,51.2101628
5.255960090006241,50.16296995
3.3405890369048237,50.65109355
3.6161538,50.5891113
5.6421286,49.5513338
4.8718152,50.3723252
5.590752875602901,50.6562474
5.213653123642533,50.00672505
3.9935525,50.5174512
5.239369649999999,50.0999058
4.4260308,50.8554871
4.4583304,50.3951442
4.158843098857257,50.306733
5.4468829631447235,49.84669905
4.7485741,50.5339849
5.254811314442433,50.4706708
5.6746529,50.2913033
5.524504727245345,50.31623835
5.5012069,50.3546366
5.461145348855437,50.34216015
4.499441099990326,50.569392199999996
4.269409918768967,50.68252425
4.0952388,50.3960709
5.651544439416622,49.6054202
4.263044446854773,50.649903699999996
5.8729969,50.0900398
5.493118,50.3521397
4.273615148501292,51.25872745
3.3890182518995022,50.61021145
5.4976889,50.3535387
4.8806844,50.1219234
4.407003079986609,50.446819
4.2440883,50.5076769
3.788607644931494,50.5061406
3.9784062,50.4529261
4.2792771,50.4665135
3.6181881126823807,50.59745375
3.5804867224793906,50.583879100000004
3.6161803406607484,50.5981835
5.5353268,50.7506132
4.906143970515436,50.47082105
5.8812332999999954,50.59194905
5.0952747,50.4968073
4.7145597,50.7827728
4.797595616478883,50.692037150000004
4.92597940448108,50.4350216
5.841312801508854,49.563377900000006
3.144353,51.318151
3.2448817,51.1569106
5.337735950415974,49.9067322
4.916774274425225,50.5251373
4.787200264197524,50.4420071
5.4197881,50.28863165
5.1166085,50.3148539
4.6148344,50.3051462
5.267806,49.8526996
5.066499431907385,50.40568655
4.83224801211428,50.947667300000006
5.24421265,50.2672831
5.341458309084144,50.732440350000005
3.3423584,51.0018465
4.7309297,50.8527293
4.864766165998173,50.439014400000005
5.366289785354562,51.02967075
4.567892971476518,50.2722797
4.6069195,50.7200142
3.369453046336403,50.752714850000004
5.144193819397966,50.81905555
4.5735928,51.2305279
5.918755112523894,50.3539019
5.8497702,50.3638086
4.4029626761437335,51.1931604
5.505882928089891,50.638962199999995
5.486621916005336,50.64274974999999
3.7834938107572738,50.3997011
4.2198108,50.4205049
4.1488181,50.4371304
4.2075572,50.4369104
4.4031569,50.8481559
5.6209245,50.640205
3.7680736503058316,50.627910299999996
4.6344842,50.6633821
4.173351324303196,50.025370800000005
5.6779174,50.7085422
5.3732587,50.6851752
5.2866617889181216,50.5393655
5.5267253,50.3747916
5.7739819,50.1712006
4.567342894230763,50.66411295
4.347250365384614,50.84309885
4.3758099,50.6841288
4.6163364482335325,50.428652650000004
5.962832,50.5574986
3.93742219446095,50.468801049999996
4.914673571620152,50.2485093
5.372536491210144,50.5057511
3.3943086,50.6024949
4.400904397500001,50.7047336
5.8436075,50.2299937
4.4569748,50.8701072
4.4528019,50.8692776
3.1193244955191246,51.31220075
5.556532830666239,50.65368065
5.566449757576505,50.64784785
4.409709,50.8670192
5.9714636,50.7528471
4.3806152,50.8428667
5.5269738,51.0997754
5.524108301762775,51.12916615
5.5900647,51.0895162
5.5642254896620935,50.6385461
3.3905564,50.9118266
5.5546294,50.5672471
4.677090951619137,50.784577150000004
5.8711645,50.595326
5.574346651356312,50.6179294
3.2469082,50.753539
3.2890914500000004,50.8215532
3.2390554201199384,50.80474725
5.6123549,50.6297878
4.3560247,51.0664347
4.50566400546559,50.983573250000006
4.182215587091351,50.16597285
5.511319932841485,50.6631102
4.2261839,50.353883
5.579099088205924,50.5982014
4.7041050723758175,50.8737905
4.4520536,50.4543992
5.1326509,50.8710936
4.9952223,50.6489181
4.188022774471343,50.4784667
4.179004991364353,50.42760015
4.330547290023846,50.877223
3.8663705637306114,50.42258115
5.532747756798663,49.55403575
4.339047609509688,51.05028685
4.2198395,51.25985
3.122144061725084,50.936099
3.433035,50.5905444
5.529076846894117,50.788864849999996
4.267709459173136,50.142941750000006
4.480181885658965,50.4088507
4.500641995368331,50.4249233
3.6957179322868012,50.5289296
4.237928185419733,50.2384579
4.174984548528263,50.70558115
4.519970809821019,50.4117886
5.477187152990909,50.59918785
5.417890936829834,50.6079373
3.7779584,50.9369041
4.1635003,50.8078772
5.891729213902605,50.49643535
4.4306351,50.4767352
4.4782509,50.4237056
4.465891446918744,50.408840749999996
5.633120653177831,50.60615955
2.6374093498181814,51.1102159
4.007770727595391,50.513204200000004
5.465968739748286,50.6462252
4.4439292,50.4804145
4.7315738,50.8469243
5.534734463960056,50.43160775
3.7588813,51.0447236
3.9233050207312825,50.411395999999996
3.920024579248727,50.47619625
4.382813,50.364349
5.3116876,50.1136103
5.343266,50.1286803
5.739248707245796,50.01060685
4.337961880532383,50.8999144
4.396497068859139,50.877935
4.615051870161288,50.67072265
4.866394607910643,50.46514715
4.861242913731191,50.463317950000004
4.8577949,50.4561617
4.8522985,50.4571379
4.476529886385943,50.4074253
4.4841602,50.422144
5.554355572437557,50.6679228
5.351433654268565,50.728695349999995
3.218923837758586,51.3341614
4.385301142134422,50.422063550000004
4.620667307017657,50.6715371
5.870143126365258,50.372563
2.5997338,51.0735496
2.582344756096803,51.09990355
3.8988428,50.4078804
4.4450881,50.9044923
3.7991288,50.4257335
4.2423421,50.9549091
5.824551,49.6749779
4.8805499,50.7329191
3.7771845245979163,50.6272054
5.338553983624411,50.23098105
4.545063961117348,50.19603645
4.268034362217831,50.565615449999996
4.326917047607594,51.0327404
4.439098146920325,51.284497900000005
4.3612667,50.8399259
5.4850613,50.5127163
1.368773,47.618515
4.621585078921191,50.661934349999996
4.486286209331798,50.44692295
1.5475653,49.6146188
5.8146315,50.6089396
5.0846192,51.0557978
5.834890508958061,49.5627339
5.59398844434835,50.17647815
4.266925,50.9270081
3.6046162,50.618377
4.316151054949495,50.7936524
5.557243747302113,50.59193485
4.52747244583216,51.2087016
3.6586742498379783,50.4999487
5.0803005,51.3312422
4.4325164,50.2517047
5.316692458602562,50.20432665
5.5617791,50.5853443
4.828107629297186,50.3968721
4.637426975482853,50.66375415
4.4271279857594905,51.197935900000004
4.502072420159987,51.068053750000004
3.8654788957612745,51.01089935
4.5338256,50.3899359
4.449773208035721,50.53125915
3.2337731,50.7392161
5.9095207,50.2787325
4.6962646,50.5616138
4.771666123550727,50.7951293
4.463526528893608,50.9345209
5.889780799826834,50.49402935
6.0503379,50.6192845
3.2026074206527517,51.3370668
5.2835976,51.1177547
5.0680661,50.9973631
4.865354578114025,50.4471549
3.258796975897363,51.2103511
6.182653794376748,50.46393505
4.34152310140454,50.894921499999995
4.7340697,50.8525411
4.3260971,51.0432997
3.756802,50.7166278
4.442740841956777,51.2462828
4.470209866879948,51.001909
4.485921,51.0218283
4.6337743,50.7867083
4.113942,50.5028851
4.865869553954081,50.43996115
4.865845707793341,50.4403909
4.864342615180918,50.4409578
3.9053241,50.4751655
3.9570344299444615,50.45787595
4.458420817855489,50.86229975
4.453237995140967,50.8612672
4.9106947,50.5850392
4.236881416111856,50.7400479
4.3523517,50.8644196
4.808060502586205,50.456998049999996
5.523749528759645,50.62474455
3.531833,50.5099423
4.9479733,50.8011437
5.5209049,50.1503727
4.7374798,50.8463234
4.437376069387755,50.8206991
5.8641993,50.5907956
4.4443549,50.8878814
4.3828903,50.840352
3.618454012093213,50.59906445
3.645354179682621,50.52439005
3.8558486,50.4497901
5.459124541265917,50.35002805
4.4319414,50.8023522
5.264282497576314,50.6932361
6.1460259450114,50.26375835
4.46310873,50.88218355
4.5899161,50.7384824
3.3328230512329897,50.614321700000005
4.4305315,50.660246
5.73058173305127,50.508135
3.8262122,50.3791564
3.6477580714194584,50.6019111
4.4376906,50.8218064
3.397149970804566,50.6051257
4.311016,50.2851328
3.954710128247734,50.459604049999996
4.5113441,50.4167271
6.027364027877697,50.4261569
4.3052192,50.8388497
4.419181924980621,50.8316942
2.9664774,50.7784316
3.728416878680064,50.339249949999996
5.3416730868889495,50.9326833
2.7124995584724885,50.852579750000004
5.842860677583741,50.613950700000004
4.47511303601696,50.474490200000005
3.3287007754292732,50.8598887
4.2601981,50.8932306
5.093762549639424,51.24029015
5.445366386199368,49.8628901
4.3908763,51.2098121
5.33661719442029,50.930358
5.6234749,50.6972458
4.492760160358497,50.402382900000006
4.803258888258858,50.4268842
4.1398025,51.0926483
3.852689884775465,50.5927755
4.701203383292389,50.879541450000005
5.094972855115021,50.29642015
4.238950875379338,50.525983350000004
4.5269354,50.7584593
4.3241395,50.8345448
3.7789434,51.1243807
5.2750485,51.0233485
5.617551189517606,51.147686
4.307118230933181,50.837415899999996
4.299466498439376,50.83668555
4.3620986,50.8369173
4.422682611192624,50.441721799999996
4.3732198,50.8416699
4.3803736,50.843538
5.6300481,50.6738615
5.5877547,49.7105003
4.2519595,51.3224944
4.289681917853702,51.25171885
4.091841591666665,51.032470599999996
4.4818724,50.8980925
4.2651493,50.8707084
4.4010645,50.8358155
5.430442643789714,51.22941675
4.612833,50.638214
5.63433798472105,50.6650956
4.442005233870971,50.41242815
3.9480481,50.4180853
3.6833941,50.9221837
4.301102214592797,50.330713849999995
4.578089189770328,50.47500395
4.5040197,50.3875152
4.4303522,50.9003604
4.9608825,50.1448646
5.496274746574225,50.5835498
4.44329476198603,51.21436919999999
4.019496468327068,50.8355642
4.481428456546041,51.19672935
3.3053987,50.7964074
3.9483615940972223,50.44553665
2.883374136124276,50.849871
4.4347037370967755,50.4491733
4.3326667,50.791655
3.326881,51.0041716
4.1377229,51.0977642
4.31116365865055,50.85610275
5.521251564058161,50.63999645
5.519954967397007,50.633527400000006
5.4816156,49.6055933
4.4488174,50.8802145
4.869688502537548,50.458728050000005
4.87269681881612,50.4580366
4.874665161471629,50.46037885
4.874336196684755,50.4589413
4.8731793,50.458682
4.873145731336791,50.457879649999995
4.868158830280834,50.46437015
4.702881358446477,50.4555795
4.664666985387031,50.44114005
4.6500707,50.774017
4.343379003422126,50.805949850000005
4.146863,50.9839466
5.61290715801575,50.62816505
3.6576368,50.5448006
3.73583537290269,50.5497041
3.7481507761169213,50.54065465
6.083129477392916,50.33917295
3.1241767123374937,50.798379100000005
5.384516903968253,50.9275182
4.35917382754002,50.8638963
4.3358046,50.8415492
4.106300531521734,50.81710525
4.448007986573034,50.4330955
3.485944,50.9599473
5.571207288146983,50.724922750000005
5.191832362441572,50.652106200000006
5.816058358403715,49.67341315
4.0603918,50.3544134
5.251595,50.6963906
4.3282251,50.6264472
4.4048222,50.6784463
5.0477036,50.4909456
3.4256065019629087,50.6116993
5.8759481,50.5349702
4.41739524309575,50.4416797
4.4295905,51.2805259
4.905286025932724,50.561374
4.041152321801462,50.9413191
5.3067116220695905,50.5427461
3.9657909,50.9595105
4.886495489984709,50.45051795
5.854543653006456,50.60842065
4.190891394073738,50.477491799999996
5.09434611931393,50.281647750000005
3.8734932004498273,50.9813045
3.2270188538469604,51.185560100000004
4.880116587195811,50.4587212
4.8737069,50.4537287
4.4086802,50.7097715
4.386253402054855,50.889146749999995
4.2901712,50.8097049
5.065330937148597,49.7927337
3.686878,50.5925771
3.613927602162152,50.597739950000005
4.016676542000001,50.8720802
3.281482,51.2514978
4.236529160038201,51.093591950000004
4.238967723449794,51.09096325
5.1078469,51.0708854
4.165654239952705,51.2323319
3.301488726049136,50.8439988
4.268008170717209,50.405500849999996
4.268003428181671,50.3899178
4.271686,50.4062696
4.27064380915354,50.4067551
3.3236992334828974,50.96512795
4.3966102,50.7165639
4.3983983,50.7116235
4.6094825,50.716868
4.448978604796599,50.8527516
5.534188115172261,51.0049563
5.321335453579087,50.492856599999996
4.347653943705037,50.8349434
4.315509805308876,50.89763000000001
3.6850985146861515,50.4323798
5.617717160057145,50.6570466
3.7806105,50.6280681
4.6665752,50.9043124
4.3241728,50.8195871
3.8479232541376396,51.0778717
4.2556268,51.0877839
3.870724796024465,50.5885515
4.219321010080016,50.47701565
5.3786374,51.2396703
4.2665403,50.8724026
4.4503405,50.9199511
4.4545057,50.9192391
5.1316067,50.5364551
4.8018235,50.4992599
5.560734846553907,50.593179899999996
5.554964175925905,50.590059
3.829278031043513,50.71340235
5.186746004791348,51.17683065
4.5613236,50.2928162
5.7829556,50.627132
5.835797889781379,50.6138157
4.3843362,50.3975612
5.575356717611491,50.6737935
5.9572709983364405,50.6591248
5.9182421,50.2244199
5.134860216976187,50.256179
5.2182346,50.1631438
5.730299002793931,50.094577650000005
5.632356686873152,50.62508045
5.620287069082128,50.76212515
5.45956942376573,50.66077395000001
4.7335007,50.1690653
5.3738561,50.0251428
4.7546927355260005,50.1350457
5.568668058356278,50.6117651
5.160111762611372,50.34154624999999
5.8678826,50.6099141
4.4991336644633115,51.2477901
4.0688767,50.9963113
5.588312758214194,51.03481225
4.2772144306912985,51.2916458
4.2825825,51.2251174
4.27938,51.25278
4.172597048095838,51.29057355
4.2389773,51.1816207
5.545168024692538,50.5826285
5.6444221,50.6697164
5.546527033418055,50.62997155
5.6428405,50.1205416
5.087671859783435,50.1675993
5.8327774,50.5798323
5.2445665448863625,50.4819693
5.9152783,50.6745233
5.5089423,50.228313
4.6107134,50.071684
5.666697463826962,50.7269367
4.381438122402485,50.666112150000004
4.237037968703713,50.236041549999996
4.8535219,50.1524762
5.567552457775466,50.577377049999996
4.1661021,50.0299964
4.5860784,50.194394
5.680225390183555,50.13073675
5.619850702019154,50.5897028
5.8482134,49.6718942
5.167438487451614,50.012352
4.504586319099756,51.15076105
4.6937736,50.8645908
4.2083648,50.9064259
3.778833125764724,50.39677615
5.6022392,50.6219117
5.1515085,50.2804179
4.05286167736333,51.0787246
3.7759651,51.1179367
4.9976502,50.4700859
5.8032983,49.680792
5.269851574082839,50.1606367
4.438445770611665,50.47547515
5.576693356917842,50.61055845
5.63936362067051,50.7677288
4.9483954,50.2963523
5.5728296,50.530514
3.3955116,50.605226
4.4801631,50.4368846
4.5913369,50.196986
5.835298963603582,50.2068879
3.3865440295861093,50.6222742
5.566184697488844,49.9096153
6.117679549378164,50.4106934
3.3930813369411714,50.627524550000004
5.5834204,49.5797715
4.3183779247034195,51.2306636
4.3258316,51.2198405
2.656731388028782,51.1236952
4.5214104,50.8867595
4.141682857924108,51.09621745
4.476124,50.768164
4.036642,50.9544577
4.0413698,50.9691837
3.7937739,51.1311943
5.429093775250408,50.909386549999994
3.2155856,51.2072631
4.4531595,50.4558087
5.7870274,50.0990604
5.430371005685452,49.84019755
4.892887335476191,50.41488995
5.4067983,50.0266083
3.458169,50.7100167
3.4461721,50.7388629
4.828946753753512,51.18805135
5.1762797,51.10179995
4.213480923720239,51.1978241
3.1849961,51.1928779
3.2893193,51.3534849
3.277856205667552,51.187304100000006
3.2531036993386016,51.2801515
4.4413867,51.1526813
4.753979516222239,51.353307900000004
5.745850863614394,50.15096665
4.8004997,50.4774552
4.338743596346902,50.89416405
4.3816935,50.1922094
4.164262193589744,50.413652600000006
4.5459892,50.4173702
4.9199346,51.0897399
4.916287436563673,51.1058446
4.3627634,50.84753
5.421526673891173,50.9074485
5.207689359964709,50.1632136
3.3220686,50.6237784
5.102360638046459,50.3092837
4.6118293,50.7181067
4.6945509,51.3001519
3.0976919779490064,50.9474429
4.273658760748786,51.29118029999999
5.745452,50.1501741
4.0112546919385785,51.00323055
4.8625986,51.3577554
4.400566668154871,50.897119849999996
5.539479849437907,50.9947093
4.4590674,51.0573756
4.3672969,50.856135
5.104993887797381,50.94322365
5.084403647792421,50.49872915
2.943243381539478,50.75011575
5.814922287252631,49.68213205
4.31788,50.800365
4.3311486,50.7911568
4.3569026,50.8124136
4.362630658921862,50.792010149999996
4.327803459696266,50.801795049999996
5.475160957471914,50.771166949999994
5.3598751,50.9305292
2.913303734604005,51.17444635
4.962669109920551,51.14889599999999
5.924054706280112,50.2291984
5.9540191,50.1896189
5.7236727,50.5650853
5.733777254651727,50.46884385
5.5087787,50.2351679
4.905956250243678,50.3368262
4.893493,50.3264681
3.730063362832934,51.0516016
4.7028155,50.9229885
3.3282990473681062,51.00167835
3.7863499,51.1144556
5.343486,50.9142119
3.286140656405445,50.8501292
3.2645305999999996,50.8482105
3.240026581807781,51.20829125
4.5910712,50.679644
3.8228988094632497,50.704102649999996
5.8752989499999995,50.63442935
5.7151776,50.0007463
4.4838181,50.7274465
5.838595556369965,49.57027105
5.7560776473979915,50.0555238
4.0761405,50.5705362
3.84494358418577,50.42924035
5.584244397491712,50.64720615
4.3959476,50.7346623
4.609160964033109,50.726453649999996
4.4342718,51.2129515
5.311860849871695,51.24113265
3.7304938301865436,51.0478473
4.9737719,50.5351844
4.333152,50.8831162
4.501378531369026,51.4689436
3.6926097,51.0293949
4.5673385,50.1054914
3.4091289,50.6296182
4.332006745245054,50.85901365
4.434922777248621,50.4484261
4.1887306,51.2228358
3.882070674942085,50.99680135
4.0391618,50.9426871
4.4593529,50.5405168
4.9137206,50.2444684
4.83753463479851,51.313529599999995
4.4312763,50.2508544
5.817987770410813,49.5548796
4.141632690602709,51.0760906
3.84041524713811,50.43372295
5.5128696,51.2547636
5.238591150759933,50.8746204
5.1946061,50.8676042
3.8914136,50.8867482
3.8522069861009154,50.65016129999999
3.7414809496801933,50.73506965
2.9874678,50.8731885
3.6481305,50.9309894
4.4835097,51.0185933
3.8274201,51.1957237
6.092681056578434,50.28263825
4.2145407,51.2466563
4.4248923,51.244358
4.3738512,50.8152249
5.411302187776226,50.964125800000005
5.4372387,51.2218575
4.6938491,51.296799
4.7821035,51.4760685
4.762153978598957,51.401241999999996
4.744087183464012,51.39573015
5.336196937136801,50.928957749999995
4.4295647,50.862175
2.8880359339808908,51.21729285
5.579612022366074,50.63248765
4.948662108984548,51.3267326
3.7345326111855437,51.036756499999996
4.120728320045565,50.477816000000004
4.625421862640964,50.249493799999996
4.354476030475009,50.824036899999996
4.698447507410549,50.62512635
5.5722063,50.588153
5.571893729349686,50.5854973
5.595443100793622,50.6573753
5.5721065,50.6432881
4.3863271,51.2074773
5.2748897,51.2182875
5.6819586,50.6112355
4.879923690563851,50.4736321
4.873144182613672,50.454447099999996
4.0126973,50.5575399
4.3516745,50.8474324
5.6179453,50.6901455
4.335687735739144,51.23918845
4.4537495,50.4525432
5.875066754442312,50.636223
5.826166094626423,50.64760085
5.81601135,50.64768285
5.758888172325076,50.66166135
2.7518821207236837,51.129218800000004
4.4501742,50.7661404
4.846204074753185,50.4761181
4.8729842,50.4562672
3.874787951987244,50.40594375
5.354574316124732,50.920812100000006
4.454156720106004,51.05180215
5.338042279096142,50.8445325
5.2925362,50.8867147
4.461011716855057,50.843474650000005
5.972888813386019,50.6590635
5.196978953200305,50.8893512
5.530171017119569,51.03646945
4.160572850997212,50.88459465
5.47263766244943,50.6766793
3.295598900121883,50.84078535
4.7315354,50.8504682
4.29680441463608,50.336994399999995
4.5227766,50.3352975
5.113243,51.2395713
5.212193647441076,50.81594605
4.39096860506356,51.21177735
3.1500363219311662,51.201825
4.8625447,50.4685751
4.3619681,50.5843235
5.594751126029654,50.29609395
5.327684820711106,49.9800882
5.5705057,49.6655461
5.7659565,49.7460509
5.2741243,50.6886333
3.9626048121035033,50.9024845
5.3500074,49.6388812
4.375668383964691,50.225569449999995
4.3706462,50.2015713
5.476675215954693,50.63233875
3.6142983288042387,50.595406350000005
4.968750232335932,49.84285955
4.626272687169417,50.6661113
4.620113398887693,50.668230449999996
5.503899226796289,50.956295600000004
5.5267046,50.6280893
5.5304023,50.6228115
5.5120785,50.6343077
5.5385209,50.631873
5.514363941283843,50.6407185
3.766747965056817,51.00895545
4.781712,50.9854437
5.5964978,51.1413926
2.9274911,51.2362427
3.263136702154667,50.92169095
5.305870334909402,50.84190515
5.6247469,50.6907285
4.0584139,50.9190013
4.308948609068447,51.24750105
4.4864619654028814,50.87501125
3.0047800045886204,51.185799599999996
3.7161652815526063,51.07887925
5.256409574330817,51.2272236
4.3700217,50.8446155
4.6497943,50.5751326
4.4006125,50.4626662
5.8391045,50.3662971
5.518439355394827,51.10277725
4.2481065935062325,50.8969201
4.511427814014689,51.06232435
5.5662482,50.6657049
4.027454558255159,50.82747305
4.403808744615385,51.220930100000004
4.243847545954022,50.2165036
4.2684915,50.2563326
4.237070795073951,50.2628067
4.229463627460602,50.2351864
5.741913856739182,51.046347
5.7407638491089905,51.01998055
4.4726985966632515,50.87910875
4.355606013953488,50.8789011
4.841108,50.4559142
5.52697628390579,50.645707200000004
4.438123169296404,50.25628225
3.2246866100069473,50.80712655
4.2975525,50.8802166
4.471772213133182,51.2325696
4.6176094,50.6659038
5.363644981981027,51.01950255
3.8423654742117117,51.0086457
3.159501912498908,50.833732999999995
4.211345109197063,51.1264431
5.637084782939189,50.89335715
3.5951569518675637,51.150842850000004
5.3275497,50.9309341
5.8630245,50.180776
4.4755965,50.4757512
4.430531447410817,50.4641844
4.430329497111118,50.4751778
4.431004873508539,50.46477055
4.32374429965047,50.8585722
4.3616931,50.8382614
4.587159806873863,50.462765450000006
4.6988788,50.8772896
4.451177700000001,51.05677135
4.48328116001429,51.0355255
4.427840419727748,50.4643944
4.4301757,50.4653846
4.4322564,50.4690386
5.595663349975432,50.6731728
4.184649891498866,51.012256300000004
3.7446062221481484,50.9450922
3.7614667970271336,51.00949005
3.76433851547871,51.00961835
4.544405755246694,50.478239
4.157455068248898,51.16055165
4.6308643,50.9754485
4.466173283859401,50.463637250000005
4.43017988046965,50.4704667
5.5276018,49.5594901
3.937363813768898,50.8889545
5.623477909488426,50.66859615
6.2988137,49.4050547
5.213097963166367,50.69997454999999
5.214199755438118,50.7106036
4.420651972359714,50.4671934
4.4288238429782085,50.47654795
4.839034887200274,50.51298865
3.5918599,50.5136268
3.1094969238812586,50.91694635
3.1530435,50.9348849
4.7285425,50.551598
4.862222304656223,50.54269035
5.5229932,50.6509993
5.440590290161245,50.6496745
5.533918605968284,49.56874875
4.061554925256674,50.8999916
3.7604237730734846,51.0539308
4.6226655,50.6660925
5.622960843686641,50.62084515
4.7683407,51.4000579
3.231169829773733,51.1610413
5.5192527,51.2547992
3.300610113429734,50.84927585
3.3754480670370786,50.74491965
4.399568322053218,51.2640927
4.9073064,51.1421823
4.931680015716093,51.13388395
4.444627509575825,50.909881150000004
4.3673787,50.8532266
4.362627,50.8518345
4.352515139811132,50.84671385
3.9459888,50.9226391
4.454541774105348,50.87519155
4.457577280736931,50.9056094
4.9767394,50.5737605
4.1648626,50.8085632
4.3256552,50.0061413
4.325619425490933,50.024028650000005
4.3169416,50.0493303
5.9322620870477385,50.677380549999995
5.0957332,50.2849197
4.3417937,49.9887733
4.3420163,49.9887759
4.5209408,50.4094033
4.06797785663389,51.1433241
5.6513712,50.6227758
5.6563434973632445,50.618613249999996
5.6152737,50.6625273
5.696446004305085,50.69611085
3.71080494219295,51.03609455
4.3138458,50.8677439
4.355150790166957,50.84847125
4.389566412820516,50.8220832
5.6655045,50.8948663
3.6409218,50.9583846
5.630248412123012,50.6049067
3.8131833,50.412254
3.8731040535437895,50.9983603
3.2173319423431397,51.1851816
4.400485772742064,50.857389350000005
3.0140237572880233,50.97453435
4.146374866666667,50.995215
4.536551039034164,51.068557
4.394548034300435,51.2727253
3.7040176493204897,51.111822849999996
4.3017983910806805,51.03780115
3.232462721747573,51.22008855
4.366382352465508,50.8672323
4.7342936,50.8502022
4.5212072,50.8853449
3.655069190174514,50.90577785
4.955193677137249,51.2399433
4.140599,50.9977129
4.474592089954323,51.028768850000006
5.537507297305039,51.133151999999995
4.951935256986369,51.319919150000004
4.609440303150084,51.091641800000005
4.3773693,50.8404516
5.554356423968656,50.1713875
4.204661391237114,50.4668167
5.809618198589407,49.69284285
5.801993595180878,49.67763985
3.592710282687204,50.5064707
5.742127902211832,51.144535149999996
5.7314858,51.1493274
5.803466640388822,51.16055415
4.411521094883891,51.197079200000005
3.6261942955401145,50.75856415
4.7015165,50.8832155
4.480832412216401,50.7408548
4.550493232025209,50.48169225
5.5948797,50.498776
5.660842404455785,50.504299599999996
5.21925555,50.814638
4.4657482,50.8357283
3.6038363500000017,50.7598278
4.634295665462009,51.0569079
3.3404271019244876,50.68568515
3.2467412,50.7431583
3.250319,50.7365975
6.0025534,50.6551522
5.933042173819173,50.39581415
5.721213298642797,49.55579285
3.1265378,50.7960358
5.317304972317759,50.8757544
5.307153164809035,50.87298745
3.900708824663718,50.9908759
3.7915740452949716,51.13298605
3.20460405212581,50.92637115
4.7699177,51.2020023
3.1842307,51.2324872
3.2096461,51.2475038
3.2350050836545012,51.15470175
3.962348645080076,50.81737955
3.1360551,50.9477525
5.037956919679866,51.0071897
5.0814939,50.9999064
5.112359,51.0180163
4.371833790219893,50.8469018
4.404268250437297,51.196741700000004
4.429299108339042,51.2083696
5.736619784760274,50.99196765000001
2.9850596651920878,50.870879099999996
5.344773199166919,51.24457835
3.8395429045424305,51.008948849999996
3.876134,51.0096784
3.6928942726942355,51.109749550000004
5.5688756,50.6404729
6.017953451993099,50.64294895
3.5141118,50.9059344
3.529258347864932,50.8983681
4.222402301611659,50.9187548
3.7833023618421047,51.1217597
3.4062618500568096,51.127830149999994
4.581029512959714,51.1285181
2.8198055749999966,51.18598125
3.1952293725223457,51.1930311
3.9824068415503167,51.122926199999995
2.994631,51.2173228
4.076921964594321,51.0934802
4.3106415,51.1671074
4.606495292158101,51.18675455
4.643956565121206,51.2027877
4.9124224,51.0886402
3.8863882034832957,50.4002116
2.855416647061287,50.95391965
2.9130116977011484,50.969081200000005
4.577642587428845,50.69228305
3.1990546,51.2466681
4.417029778930928,51.2587429
4.504003918363628,50.88027245
4.657608601800424,51.259674700000005
5.587532,50.6955231
5.82332188294702,50.6476568
5.823722242276303,50.647648649999994
5.1661413,51.0354291
4.659020841029652,50.83175465
5.620155070804447,50.695412250000004
4.400209032515656,51.21326525
3.1126664136976716,50.93754355
3.9397795126065667,50.89115915
3.9827912507437038,50.95211695
3.8530821499999997,50.43746745
4.4251985,50.8363414
5.4784221,50.65737
3.5767258,51.1860781
5.2720827,50.5216763
2.747550510192024,51.130625249999994
2.9914219,50.9510711
4.412062967046915,51.24822375
4.4682481,50.8616933
4.321207448144625,50.7842688
4.4345310639685325,51.2076944
5.597299399999999,50.6407924
4.356543646303502,50.80667785
6.008726341740768,50.6408664
4.0836061,50.9955368
4.39322745,51.118005749999995
4.336743650902527,51.1326496
3.2916639101996514,50.894978
4.833748006923628,50.98550925
4.4819103,50.898045
2.925905006435851,51.2296993
4.367470280796981,51.080328
3.7488657,51.061875
4.995243716131283,51.409034250000005
4.259595146553553,51.2121816
6.166617069646777,50.23983425
4.273892201109399,51.29463215
5.535376,50.6400352
3.2573415,50.82669
4.427196509531884,51.1979449
4.3582377,50.8416804
4.3180587,51.2342626
3.297225032789127,50.60066335
5.537893771902713,50.03184265
4.6917773851522835,50.8636926
4.3762602,50.8785588
4.381010715598884,51.0591928
5.584163010496183,50.3806589
5.3516319,49.9244976
5.4822185,50.6562601
3.1816404345537777,51.14019570000001
4.2683005,51.2421965
3.630628236234406,51.0134563
4.657461550569252,51.11960675
4.450727244482384,50.9070911
4.4530066,50.9049627
3.6458203,50.93162465
4.5081362,50.4305533
3.3374776,51.0038656
4.44323630865323,51.45995415
4.4595723,50.8881586
5.867388821034462,50.57710955
4.4059358,50.8380116
4.3310187,50.8629511
5.229990458115811,51.0095048
5.194918244660933,50.985531300000005
4.336040193798958,50.771900849999994
3.9600537,50.4535626
3.346803239067671,50.866877900000006
5.482870932399283,49.5705935
3.201967789024512,50.73575945
3.1327198430838057,51.31061055
5.371930186381725,51.2185734
5.565142013863592,50.633827350000004
4.454833657190474,51.10523885
4.781138976010634,51.01911925
4.799612977366861,51.0230196
4.408199989451656,51.15798825
4.4699679,50.8836307
5.6315051942679455,50.605422399999995
5.8060197,49.6818043
3.4691509374624454,50.84426005
5.238463510282262,51.123153349999995
4.604011282470589,50.670613450000005
4.2785568,50.5692308
4.180849216463724,50.16900705
3.7443292,50.738136
3.2920751,50.5367265
4.414523504903954,50.32592795
5.6075484,50.6006142
5.9025335,50.598041
5.7005959673544275,50.65753205
4.0726633,50.5874236
4.175837,50.4874864
4.328752,50.851041
4.4691651,51.1695282
4.465155230081301,51.0047595
4.616973832414532,50.65970875
5.4519496,50.5472505
5.4514318,50.5520337
4.455631912971141,50.88541565
4.154403147332314,51.024151399999994
3.351235648389931,50.85014245
3.3516989546651588,50.84013795
4.4121727981561705,50.8639883
4.450778439110694,50.39540735
2.681485154465962,51.0635852
5.4424181,50.913352
4.364207135420054,50.852867
4.826236951922738,50.4821067
5.3262321,51.0495034
5.280169,51.0318907
2.6352756910810196,51.109228200000004
5.5748012,50.6409449
2.8303105329017813,50.848495400000004
5.265133,50.5796467
5.26598300632395,50.5828851
3.9895504,50.5048216
2.61176422082626,51.10970225
4.725922,50.9287439
5.7232217,50.0122128
4.704845176232395,50.46140645
5.339680971088768,50.2223911
5.8550986,50.5883281
3.04258176783443,50.892910549999996
4.4871796,50.8440554
4.2817075,51.0762086
4.2982872,50.8159342
4.4374818,51.1883331
3.2359469,50.7445344
5.2599209,50.5327716
5.332897228510532,50.92932095
4.404723428220859,51.2192171
3.2144013042729336,50.745594049999994
4.855471505571142,50.5183808
5.107858469496138,51.17666645
4.575138943315509,50.47689975
4.4907415,51.0299779
5.331463650483755,50.929832950000005
5.8306157718137275,50.633475149999995
5.80483296555105,50.60567415
4.4442077,50.9042827
4.478320900000005,51.0076947
4.5090967,51.2959068
3.1021924343496243,50.95218035
3.8466792835365853,50.409022
4.3682132503235716,50.843475100000006
5.5080061,50.6524714
4.355642186817334,50.80792065
3.7108037,50.4618082
5.464607794816588,50.7809034
5.8984922,50.4881821
5.865450860556342,50.6533275
5.8656387,50.3426463
5.237235008239196,50.52139735
4.387820330153707,50.8434431
5.9046008,50.2872455
4.8015203026115945,50.62644805
3.9282141,50.5070791
3.29107134958687,50.9501822
4.682703565097584,50.90241315
3.2962747267191306,50.94578225
5.224293858064239,50.0025306
4.802158151722265,50.45210405
5.2794054,49.8610494
4.4198135,50.8886636
3.7491221948940403,51.06894715
3.205189451186116,50.8449096
4.3504834,50.8463395
5.403289239688235,50.58288585
4.885327557560383,50.520748850000004
3.6826361989285807,51.01948955
4.8443768,51.3096124
4.3190395,50.8185484
4.425976732696637,50.8437526
4.16793202737364,50.49357385
3.6040305,50.66081535
4.097743937088564,50.39703095
4.2882501,50.8097606
4.380065818875105,51.17028855
5.375097268921414,50.989762549999995
5.371066082494344,51.03151445
4.436063370191223,51.148690200000004
5.0153785684341905,51.12156335
3.707130950000016,51.036767749999996
4.347972,50.8788488
4.261632076426135,50.7210372
4.3790860738182795,50.81369075
5.6216519435802725,50.927333399999995
3.217985982324219,50.9193877
4.324924994068583,51.18675785
3.9845055021708697,51.1057195
4.991344646956523,50.1975529
4.6908984,51.2988871
3.8178483,50.662106
5.361149088316232,50.952512150000004
3.6399310943325345,50.689593099999996
5.5629332,51.1050321
5.9835726,50.4825877
3.115566594099256,50.9396515
3.302461769049478,50.834111
4.5979313,51.0108768
5.11570971030085,50.94758125
5.6621673,50.2924244
4.6700743,50.8661922
5.583679,50.570522
5.5393884,49.7274187
3.1917093323369112,51.2315785
5.602504804913266,51.1807505
5.063018921318948,50.75255625
4.0720224,50.8878838
4.944263618532086,50.3112826
4.3593475,50.8469259
3.7592494178949885,51.1275762
5.6531531,50.6233236
5.764150708418736,50.327853000000005
5.821198310631804,50.2904685
5.732586962688982,50.323744
2.9039919725552052,51.21227945
3.230768387109223,51.15969775
5.806574046511943,49.68251425
4.9817086,51.3178319
4.3613291,50.8519593
4.9434992,51.1333821
4.4013926,51.2261141
3.181447,51.1112104
3.7134371689201435,51.036131749999996
3.273003249692165,50.93959395
3.9522633924669037,50.46438035
4.2488929,50.4591271
5.812913445352416,50.53629215
5.811790510414524,49.673737200000005
5.529600803779861,50.70195525
2.626244982579687,51.1114387
4.778294363087824,50.629108099999996
4.6427278,50.6474553
4.573391495389506,50.65711
5.859449315382103,50.5883489
5.8758113,50.5918211
5.8378947,50.5805901
4.113789274998668,50.4893698
4.1950231,50.5126175
4.4195764,50.8406256
4.800472977968148,50.473688300000006
4.3672507,50.946531
3.7849398515332586,50.6390965
3.4298713,50.7559221
5.2858006,50.1702525
4.3717863,50.932458
5.574604,50.874519
5.362175419560947,50.55786595
5.0605612499999975,50.6607619
5.574736944117644,50.8626656
4.4827157500000006,50.8970518
4.6744205,50.4801993
4.3680664,51.3326535
6.028687763418647,50.4301018
4.226901847100993,50.4733092
4.5202932,50.4144044
5.5579906,50.6241078
4.705024366186748,50.57653305
4.480194854560405,50.5985101
4.3518256,50.3338874
4.1708066,50.4802563
4.3270574,50.8731287
5.573439353654452,50.64400815
4.3383896,50.5942381
4.519467706615162,50.7110093
4.2064206,50.6947759
3.3269196,50.6171922
4.127382554579306,51.1456261
5.4724655,50.597573
4.346951967100617,51.20150835
4.328329511701162,51.19714635
3.8485602,50.9138307
2.9397140988145964,51.208855549999996
5.3731114,50.758325
5.73051901245192,50.7428182
4.3564048,50.8573444
5.510263859741931,50.67793335
4.2285557,50.6873475
5.533596,50.4297782
3.4176473705128134,51.088166150000006
3.864484850339447,50.9589105
3.839736352998907,51.0086907
5.515265236229581,50.98631215
4.6953344,50.9274708
5.462770839030057,50.62773665
3.701380299544188,51.03431865
3.8143879449616644,50.994053
3.7267227,51.0642151
3.7262045670389474,51.0540447
5.513333145573805,50.78932485
4.3870241,51.133297
2.644343866080587,51.1012257
3.7535907044718857,51.22618645
4.912808616794164,50.261875700000004
4.265703281676282,50.891852650000004
3.7025872728660643,51.0330973
4.3982124,50.8560682
4.365480711301353,50.842924350000004
3.4339777880133924,50.57610065
5.4946757686684204,50.57679735
4.414200486697039,50.6919685
4.8181363,50.6583467
5.0979775838765224,50.550942250000006
3.418719228920665,50.887610249999994
3.4443579785714293,50.5653276
4.4021946,50.850961
3.936385480353845,50.46412695
5.0625084,50.9864549
5.370079278337142,49.915418149999994
4.9132014,50.2573419
4.550713636520424,50.48252655
4.524977978670513,50.457203050000004
4.4917295,51.2900693
4.4835904,51.032357
3.9573906,50.4647087
4.805804090116587,50.6863191
4.8060619,50.685167
4.0784516,50.8417832
2.8195023,51.1894619
3.9527215,50.444177
4.3327526,50.8603076
3.824237297185491,50.48076065
4.496119305232016,50.7170572
4.5849831,50.7353489
3.8718459,50.6554345
5.2978429,50.4827171
3.953283,50.4542566
3.1318389,50.7887877
4.366553135913706,50.8384408
6.206491694977169,50.3890198
4.7220143864874125,50.84574465
4.4034182,50.8720096
4.392493192753417,51.250619900000004
3.2253539,51.2977525
3.6271209634519144,50.601188199999996
4.597905838334675,50.73021275
5.255004558150382,50.53609165
3.1845835,50.7981687
4.3458459,50.8502898
4.305982545157388,50.88407305
4.3007497,51.1047429
5.597933573305477,51.086166649999996
3.779958420225727,51.121921900000004
3.198595,51.1586941
3.1463198830047734,51.110092249999994
3.327225682685116,50.86045445
4.498263999999999,50.93045495
4.3787545,50.8346937
3.333816523577519,50.81330135
3.532092786427596,50.9937559
4.327084758854575,51.3132502
4.332674818717617,51.315775
4.344099049601363,51.3178913
4.3146448,51.3149596
3.601874,50.7500931
5.3472867,50.8768774
4.196222408476304,50.45788535
4.245218617306429,50.781183549999994
4.3056986634005785,50.6798098
5.5767193,50.6814493
4.7280819,50.8510632
3.9405567600256273,50.45618435
3.133508212291451,51.31246085
5.6889315,50.7955801
5.9563599,50.6740853
3.2123896,51.2078106
6.115197439081999,50.3318429
4.22154579724364,50.5036955
5.3906633,50.56527
2.7511057,51.1468355
4.334127921935032,50.89572205
4.3316781,50.6011084
3.4758510012425132,51.0080959
6.0354042,50.5714071
4.332643804260856,50.151899900000004
4.1019207,50.4757177
4.8092396,51.1743901
5.1869854,50.1256189
4.0944761,50.4713397
5.055819900102001,50.33916945
4.449675639364175,50.3241817
4.568232505408016,50.424703550000004
3.2371304,50.7210818
5.3423516,50.6048805
5.846974627159502,49.5491323
5.940498311547861,49.971026949999995
5.9812664,49.4953331
2.7393146,51.1355915
4.292146,50.8178792
5.619788618194781,50.454720449999996
5.5766343,50.6395004
4.2738788,50.8683511
4.8584133,50.4632873
5.1047914759367305,51.06144365
4.448392999571606,50.88670345
4.3283052546139436,51.0466387
2.6597085,50.8818849
4.3402537,50.8548502
3.2130885216764087,50.9119619
3.215435,50.9198305
5.337423816383678,50.928703299999995
3.8966065,50.4053932
5.9014824,50.6951268
3.7964207,50.4337748
4.3310998,50.6185578
4.619816713769806,50.662150800000006
5.5748490877605335,50.18185485
2.8614025956144085,51.033260150000004
5.3493802,50.2807595
5.317166754730359,49.699734649999996
3.9495556,50.454877
4.325595822770744,50.4357408
3.4001095,50.6363498
3.2730351,50.7987981
4.693597405055545,50.563612
4.691303083918964,50.55771945
4.3695681,50.8481602
4.3896905,50.8447539
4.300345778919914,51.15590995
4.507705305458211,50.40187695
4.761864516092636,50.4538422
4.373788536162791,50.8953954
3.979533,50.5047979
3.284151824934792,51.0552577
3.9775505,50.9662645
3.3967614,50.6127766
5.536702428962898,50.9225965
4.216918056505165,51.07415565
4.5101397,50.4022198
5.5923610287946435,50.6891279
4.313336321884465,50.89237725
4.79596503965163,50.47988125
3.2352485,50.7411088
4.382807376538146,50.6780654
2.621953,51.1143393
3.2274737,50.7400821
5.6078942,50.6923284
3.7974572,51.1826013
5.3481443519923975,50.93090445
5.031670691604566,50.36826895
3.721006651831843,51.05467915
4.839431590074084,51.17521195
4.4490035,50.4092294
4.400481643494226,50.83481105
3.9281569,50.4598962
4.211541447201698,51.0592855
4.722148615778128,50.57750435
5.069736564623115,50.6786466
3.5862510571714443,50.5048948
3.2908336668456792,50.661086850000004
4.335451846740817,50.8031892
3.6167776,50.8436219
6.017899126853253,50.6314073
5.5655999765656805,50.59856935
3.9235225,50.448365
5.6232861,49.7037558
5.8254795,49.6489864
5.649355995556089,50.66007315
3.693775120785153,51.058547250000004
5.5872907,49.5507489
5.565654829664704,50.0459321
4.8510957,50.2478603
4.3506349,50.8825744
3.7392115004211117,51.13743875
4.7897631,50.491358
5.294383697571949,50.886530699999994
5.535363783350931,50.6536025
-1.5958193850315123,46.99348685
4.349523,50.8400497
4.7959371,50.4382855
4.2070322,50.5354378
5.434605890752188,51.02222775
4.196602756138171,50.48250095
4.533461084044909,50.4447046
5.936884603166536,50.6839826
3.9898689,51.1044488
5.634347511126203,50.6671915
5.343614194854656,50.2301027
5.8483557,50.5901789
4.3864883,50.8557782
3.9474588,50.4544406
3.9576704,50.4652126
5.025466134660772,50.469562800000006
4.3432939,51.322476
4.717744975558103,50.864509749999996
5.7929172,50.6417011
5.705511929011772,50.231056800000005
4.8475482,50.4668416
4.608619,50.4387221
5.679509042715919,50.7543995
4.317337912050327,50.79035575
5.382661112735027,49.68991005
3.3669001150081117,50.6143803
5.0563707,50.690997
3.8681966584655534,50.99973995
5.2671586,50.1599751
5.1926373,50.1208634
4.438781,50.4047346
4.2641569,50.4479334
5.553375550000002,50.61057895
5.964644095301853,50.523949099999996
3.3945953472657426,50.60434585
4.111579576519965,50.463821499999995
4.5736785,50.6652302
4.447957932967062,50.4110817
4.44859980988805,50.408010000000004
3.3913381971028045,50.601969499999996
4.4383613,50.4688168
5.566300875635134,50.582478949999995
3.214574483180187,51.0402196
4.7001214,50.926428
4.237435046118932,50.45765305
4.348797231072047,50.841920200000004
3.7149212840437933,51.06266775
5.594562633598119,50.643205800000004
5.5799338,50.6465526
5.583533263623325,50.647135250000005
5.5709122,50.6464988
4.9395604,50.808223
4.6470320300814585,50.42562275
4.289914376798862,50.83879245
5.642472340241449,50.58666175
4.3137348,50.4344357
3.5102097,50.8521287
5.5696319144912545,50.667519299999995
5.515543855647308,50.6666261
4.692265239294258,50.969162600000004
4.3919403,50.8805132
4.910995092172181,50.47103455
5.596822266211893,51.141002549999996
4.4458312,51.1548066
3.7678445088235284,50.7937685
4.2019874,50.4746502
5.374499283780022,49.9156281
5.493891234429798,49.93205825
4.534019,50.17794
4.5444881,50.4582392
5.724261593843986,49.59214315
4.4699801,51.2288178
4.433522578861432,51.213611900000004
5.1245806830951235,50.50471145
4.942474673157895,50.79091475
5.219229214673739,50.16259955
4.6306262,50.8659846
4.5380748,51.1498672
3.9879525789183092,50.909491349999996
3.9935955,50.8894722
3.9851941270121287,50.907187199999996
4.018231210113222,50.886479550000004
4.0974234,50.8783004
2.89124576921845,50.8520318
3.073988029448354,50.80996505
3.2344535,51.1532024
4.254220258325443,50.8321966
3.5649682,51.3984724
5.600625047886605,50.404869250000004
4.4719297,51.20849
3.204322645386766,50.8455922
3.2268902884421635,50.8252728
3.1255104,50.9489431
4.108194285861202,50.49977715
3.68560505202899,50.9491489
3.062431218771863,50.8890729
3.4221073918905995,50.995148549999996
2.7317506,51.069891
3.707466815364361,51.1079441
4.71943107216415,51.06251575
3.8015392,50.9798495
5.3436745338216625,50.9369135
4.176372636049488,50.9428617
3.376565845641463,50.90649665
3.9530828,50.416878
5.2995484841157605,50.22534145
4.973981917307691,50.747440499999996
2.845283236391233,50.86606915
4.3317818524038465,50.887497350000004
4.419339696204819,50.2831155
4.3498265,50.1484248
4.1750466,50.4250942
4.3670688,50.8236245
4.878711310735323,50.4660051
4.038839700518777,51.11667435
4.4391379,50.8449519
4.489956801627931,50.87555345
4.3698893,50.8429162
4.3787003614883755,50.889876799999996
4.3928569,50.8961181
4.6053349,50.7108897
4.349440696779605,50.8399615
4.7274726,50.8486711
4.4161294643975015,51.23016715
3.7254194,51.044958
3.7209338670309426,51.049694349999996
3.2111722,51.1884619
2.7239173160749233,51.1497819
4.123879990089591,51.217586600000004
4.3655242,50.9356923
4.51131494273006,51.262326099999996
5.5673579,50.6482752
5.8419398,50.62441
6.08719837872022,50.16392845
3.2147942814000015,50.7395486
3.2876314,51.3464863
3.2046502804624204,50.97120755
4.2375788,50.9189637
2.919496,51.2258565
4.4575729,50.5403533
4.463000052389205,50.4165447
4.770924928975841,50.45856245
6.120209004686279,49.5893763
4.394506049139897,50.847308999999996
4.166732252101826,50.946172000000004
4.3523487,50.8414565
4.4404286899664225,51.1658916
3.8669445189060063,50.76910075
4.0849926,50.7283667
5.581922916588791,50.636105099999995
4.06482,51.2579614
4.473948621220543,51.0219232
3.6991826,50.8356339
5.6110045,50.6981154
3.689185516684844,50.8394274
4.1112678,51.0029641
3.3653369127448105,50.797837650000005
4.967988327010266,51.24009475
4.6575109,51.1179047
4.9164619,51.0871606
3.9833410854959332,50.49931965
5.7255211,50.653959
5.870299152931411,50.6051773
5.5317344691300985,49.99732105
4.45987787140592,51.2187944
4.9647726676028645,51.2385243
4.252438671501806,50.838182
3.4304042326917803,50.88777025
4.5587455,50.9039296
4.2914667937933455,50.9042822
3.8361777787307028,50.709355099999996
4.34354122293,50.97625175
3.9717954927884285,50.7480166
4.365519010775383,50.83377195
4.3292285,51.277956
4.2518948,51.2804612
4.400095940026846,51.2275249
4.922471615337081,50.5405314
3.8641587721509985,50.9462614
3.8690384239808893,50.94322675
3.865223114544985,50.9463518
3.8630391564938975,50.94778695
3.8681143322610296,50.9448573
3.5986240715598825,50.8496624
4.1852432,51.1853722
4.467890582881777,51.133131500000005
4.329206077908893,50.8855648
4.3837515,50.8426937
3.7700962719849755,51.099587
5.5112205,49.555638
5.3739063973198125,50.02506975
4.844038618596909,50.87893245
4.32999431719073,51.1316226
4.4643359,50.4677459
4.6290213,50.6647919
4.3573463,50.8609856
3.5375547,50.8485315
3.6039728,51.1527367
5.050041035611761,50.984770999999995
5.826448031766274,50.647623100000004
4.430953145862603,51.224336949999994
4.4197085,51.2782264
3.6346263833720482,50.492595550000004
4.3042634,51.0646639
4.4151632,51.2243881
3.7747153,51.1507595
3.702874811762611,51.111173449999995
4.405391084066737,51.17145065
4.432721546216824,50.8344971
3.5157587,50.9872182
4.065158753632459,51.029326299999994
4.1816573,50.9543034
5.4097195,50.6409052
4.139022358122606,51.1647955
3.4389673091903323,50.88982845
3.287410522001871,50.94183565
3.274214579330412,51.18814245
3.567589591220381,50.9875758
3.548769545032182,50.9612684
3.304624486970271,50.83606715
5.465299592921529,49.94381155
3.6336164,50.72356525
2.881388871775148,50.73637385
5.3665174211342315,49.9254695
3.2541309,50.7448625
2.660015496732685,51.1256129
4.50800642811174,50.88615525
3.3229482002328017,50.8987063
4.272166366518953,50.8701775
4.422640997076265,50.93631715
3.102701445338363,50.78921955
3.098857737871678,50.789740300000005
3.2651295531700826,51.10515675
3.4424267774649824,50.874282
4.3599725,51.0131904
4.423132385590721,50.95003805
3.836745650875954,51.0829989
3.904679,50.4062838
3.891949931976904,51.08101975
4.62343295,50.6584048
3.203330715896538,50.916564
4.325338509166667,51.00848115
4.193652546389531,51.06171855
3.5166727538856333,51.0339228
4.7214097,50.9018294
5.542255,50.2004365
5.3918829,50.9271886
4.178754568614723,51.191833900000006
3.6179606,50.6683129
3.636552282640446,50.7301098
4.3821873577032715,51.097072600000004
3.1245469185135137,50.9443489
4.3753791,51.1175893
4.0344021,50.9610208
5.5822892356867335,50.7000977
4.4103154,50.8004651
3.516226032617309,50.988305049999994
4.4274636,50.8370253
5.6131398,50.6444511
3.336191800029155,50.893560199999996
4.369300350746203,51.049040149999996
4.3331541,50.8706646
4.3523773,50.8463308
3.5707201,51.188976
3.2420699893889617,51.2213901
3.7635081,51.0037365
4.364298278422483,50.455422049999996
2.6833259906476448,51.13440525
3.3454713164848204,50.9979082
5.2701061,51.3714835
4.4530778,50.8881311
5.5139531,51.1298188
4.6725354,51.0604708
4.6753244887012535,51.05598285
4.431947265252936,50.813481249999995
5.5911197,50.62096
4.9065443565946385,50.4148543
3.6541126,50.9080156
4.1376868936955065,51.1157708
3.191238226495727,51.1606534
3.722446263600368,51.00814425
4.382071016183287,51.2254662
4.4512430870071835,51.2323969
4.39941501410479,51.20521185
4.421780026425379,51.193919949999994
5.5759476,50.1815604
5.59860455376082,50.1759414
5.547819187459217,49.5804001
5.8902427,49.7642824
4.808194,50.485819
3.5900785805212365,50.9009193
4.40774380568228,50.8334335
4.408235262753902,50.83113515
6.1438174,49.5864744
4.3315503,50.8606042
4.144110290263548,51.171646949999996
4.773424965237449,51.39762565
4.3830097355299165,50.2269618
4.2210659,50.6908291
4.828708412197999,50.5182517
4.5134725706107695,50.09334815
3.7656111,51.1654656
4.558216351831286,50.4370252
5.5792751,50.5543621
5.121259256574863,49.936987349999995
4.2533458,50.5137384
4.332336974521178,50.60490255
3.6881795,50.5283264
3.910381,50.5301226
5.8526676,50.595143
5.8806508,50.4511997
4.4560425,51.1027801
4.338636,50.8545959
4.178781904884785,51.191935799999996
3.8224279208167746,50.8698304
4.355193663597573,50.860816650000004
4.4910051,51.288234
5.449227675095511,51.2028448
5.635557587389201,50.8844145
5.613865666725977,50.401433749999995
3.8154896305598056,50.6478094
4.3499168971229984,51.06293035
4.360309,51.0602903
3.259504038975579,51.09786585
4.4566966,50.4056286
3.735363140875,51.01351365
4.411323290055902,51.194368499999996
4.453899766007962,50.887928450000004
4.8765112,50.460882
3.923531296225492,51.04211615
3.8502147,51.0298492
5.224367550000002,50.160840199999996
4.4363397,50.809374
3.3760412145107095,50.60076335
4.440381650762529,50.39368365
3.3353734725876745,50.685406799999996
